<annotation>
	<folder>train</folder>
	<filename>car1.jpg</filename>
	<path>C:\Users\88697\Desktop\data\train\car1.jpg</path>
	<source>
		<database>Unknown</database>
	</source>
	<size>
		<width>275</width>
		<height>183</height>
		<depth>3</depth>
	</size>
	<segmented>0</segmented>
	<object>
		<name>car</name>
		<pose>Unspecified</pose>
		<truncated>0</truncated>
		<difficult>0</difficult>
		<bndbox>
			<xmin>32</xmin>
			<ymin>64</ymin>
			<xmax>244</xmax>
			<ymax>154</ymax>
		</bndbox>
	</object>
</annotation>
