<annotation>
	<folder>train</folder>
	<filename>car2.jpg</filename>
	<path>C:\Users\88697\Desktop\data\train\car2.jpg</path>
	<source>
		<database>Unknown</database>
	</source>
	<size>
		<width>285</width>
		<height>177</height>
		<depth>3</depth>
	</size>
	<segmented>0</segmented>
	<object>
		<name>car</name>
		<pose>Unspecified</pose>
		<truncated>0</truncated>
		<difficult>0</difficult>
		<bndbox>
			<xmin>12</xmin>
			<ymin>35</ymin>
			<xmax>279</xmax>
			<ymax>146</ymax>
		</bndbox>
	</object>
</annotation>
