<annotation>
	<folder>train</folder>
	<filename>car3.jpg</filename>
	<path>C:\Users\88697\Desktop\data\train\car3.jpg</path>
	<source>
		<database>Unknown</database>
	</source>
	<size>
		<width>1000</width>
		<height>750</height>
		<depth>3</depth>
	</size>
	<segmented>0</segmented>
	<object>
		<name>car</name>
		<pose>Unspecified</pose>
		<truncated>0</truncated>
		<difficult>0</difficult>
		<bndbox>
			<xmin>40</xmin>
			<ymin>248</ymin>
			<xmax>952</xmax>
			<ymax>599</ymax>
		</bndbox>
	</object>
</annotation>
