<annotation>
	<folder>train</folder>
	<filename>car4.jpg</filename>
	<path>C:\Users\88697\Desktop\data\train\car4.jpg</path>
	<source>
		<database>Unknown</database>
	</source>
	<size>
		<width>293</width>
		<height>172</height>
		<depth>3</depth>
	</size>
	<segmented>0</segmented>
	<object>
		<name>car</name>
		<pose>Unspecified</pose>
		<truncated>0</truncated>
		<difficult>0</difficult>
		<bndbox>
			<xmin>2</xmin>
			<ymin>27</ymin>
			<xmax>292</xmax>
			<ymax>142</ymax>
		</bndbox>
	</object>
</annotation>
