<annotation>
	<folder>train</folder>
	<filename>car5.jpg</filename>
	<path>C:\Users\88697\Desktop\data\train\car5.jpg</path>
	<source>
		<database>Unknown</database>
	</source>
	<size>
		<width>275</width>
		<height>183</height>
		<depth>3</depth>
	</size>
	<segmented>0</segmented>
	<object>
		<name>car</name>
		<pose>Unspecified</pose>
		<truncated>0</truncated>
		<difficult>0</difficult>
		<bndbox>
			<xmin>78</xmin>
			<ymin>101</ymin>
			<xmax>251</xmax>
			<ymax>158</ymax>
		</bndbox>
	</object>
</annotation>
