<annotation>
	<folder>train</folder>
	<filename>car6.jpg</filename>
	<path>C:\Users\88697\Desktop\data\train\car6.jpg</path>
	<source>
		<database>Unknown</database>
	</source>
	<size>
		<width>398</width>
		<height>127</height>
		<depth>3</depth>
	</size>
	<segmented>0</segmented>
	<object>
		<name>car</name>
		<pose>Unspecified</pose>
		<truncated>0</truncated>
		<difficult>0</difficult>
		<bndbox>
			<xmin>15</xmin>
			<ymin>36</ymin>
			<xmax>216</xmax>
			<ymax>94</ymax>
		</bndbox>
	</object>
</annotation>
