<annotation>
	<folder>train</folder>
	<filename>car8.jpg</filename>
	<path>C:\Users\88697\Desktop\data\train\car8.jpg</path>
	<source>
		<database>Unknown</database>
	</source>
	<size>
		<width>275</width>
		<height>183</height>
		<depth>3</depth>
	</size>
	<segmented>0</segmented>
	<object>
		<name>car</name>
		<pose>Unspecified</pose>
		<truncated>0</truncated>
		<difficult>0</difficult>
		<bndbox>
			<xmin>68</xmin>
			<ymin>76</ymin>
			<xmax>233</xmax>
			<ymax>159</ymax>
		</bndbox>
	</object>
</annotation>
