<annotation>
	<folder>train</folder>
	<filename>car9.jpg</filename>
	<path>C:\Users\88697\Desktop\data\train\car9.jpg</path>
	<source>
		<database>Unknown</database>
	</source>
	<size>
		<width>381</width>
		<height>132</height>
		<depth>3</depth>
	</size>
	<segmented>0</segmented>
	<object>
		<name>car</name>
		<pose>Unspecified</pose>
		<truncated>0</truncated>
		<difficult>0</difficult>
		<bndbox>
			<xmin>139</xmin>
			<ymin>38</ymin>
			<xmax>346</xmax>
			<ymax>125</ymax>
		</bndbox>
	</object>
</annotation>
